data,label
Nelson Group,company
536-668-6402,phone
90456-98578,phone
2016-12-22,date
974-644-0990,phone
7642331003,phone
7756477620,phone
+1 8394645452 ext.3884,phone
Greene, Price and Rogers,company
(426) 486-1759,phone
Turks and Caicos Islands,country
1982-12-05,date
esqpoxfpf1,other
Qatar,country
1979-03-29,date
Martinique,country
1989-08-24,date
Montserrat,country
218 577 5427,phone
731.488.6111,phone
+1 (317) 879-2402,phone
78475-59926,phone
s9f3v1m1rn,other
4a911t4oz4c,other
8311k3r0fg,other
+44 2067920891,phone
Ware, Mann and Robinson,company
du6rlat19n,other
+1 7529033228,phone
Chandler-Tate,company
Kelley and Sons,company
1992-09-06,date
1990-02-04,date
Zavala Inc,company
bg0cn7j1g,other
766 0555 221,phone
823 171 46,phone
American Samoa,country
Jenkins, Ayala and Mendez,company
Bartlett-Molina,company
1994-04-09,date
Chile,country
+91 8496503819,phone
895 749 2440,phone
Tuvalu,country
2016-03-05,date
1991-04-27,date
020 4394 7932,phone
United Kingdom,country
cce78klj,other
020 7306 3326,phone
+1 6989453587,phone
Brunei Darussalam,country
Petty-Price,company
6c99s,other
(352) 839-7247,phone
American Samoa,country
+1-761-210-0138,phone
+91 9491781368,phone
47takdwhq,other
1982-11-17,date
2031627336,phone
Oman,country
Burch and Sons,company
2001-10-28,date
Cochran, Dunlap and Bentley,company
Walters, Lloyd and Roberts,company
020.339.74167,phone
+1 7616392621 x8103,phone
wgkv778o4kuc,other
Belgium,country
6643359458,phone
(816) 753-5421,phone
(787) 917-1800,phone
6448122132,phone
Green, Fisher and Cruz,company
1989-05-21,date
pwf4n4sby,other
(354) 467-9068,phone
2007-09-16,date
938 7169 585,phone
Bermuda,country
877 7817 678,phone
845 260 1642,phone
1991-06-30,date
Ortiz, Bowers and Woodard,company
+76 510484809,phone
5hyob0uz4sj,other
(210) 919-2807,phone
+1 5636798228,phone
1975-12-20,date
2007-08-05,date
Jordan,country
tskpm8,other
ki4h6cb1y,other
7936955954,phone
Vietnam,country
1999-12-13,date
q2fqq,other
w35k,other
+91 6828968306,phone
fr8qlal1,other
72vx0xc,other
+1 6877622705,phone
Oman,country
2000-04-02,date
5546637966,phone
505 871 469 2,phone
+1-747-352-6591,phone
863 8262 346,phone
Phillips, Smith and Frye,company
Kyrgyz Republic,country
Egypt,country
742 634 5041,phone
rqymq,other
+44 2037533969,phone
1999-01-26,date
2000-05-31,date
790 2664 602,phone
219-286-9450,phone
1995-03-07,date
613 347 9972,phone
+91 89446 70002,phone
Clayton Inc,company
(888) 7059 388,phone
n0join,other
1993-05-07,date
020 8549 3329,phone
+91 6474443895,phone
9377765558,phone
(0205) 7179539,phone
Antigua and Barbuda,country
(423) 726-7329,phone
Garcia, Gonzalez and Martinez,company
07456 327580,phone
wds09ttadi,other
2080227105,phone
768 488 9587,phone
Lynch PLC,company
8958273726,phone
928.805.1615,phone
xr1figut,other
Venezuela,country
France,country
7932435527,phone
Israel,country
455-327-6562,phone
3248086131,phone
+91 8070772317,phone
pej5jq53,other
xxbg3yf,other
x092kot,other
c30x,other
117d0if7w4h,other
8u2oq9u5cl,other
(227) 647-3194,phone
+1 6088141769,phone
100,other
967-870-4303,phone
12345,other
Taiwan,country
Middleton-Gonzalez,company
(312) 99570,phone
(611) 9039 671,phone
34062016,phone
8810943524 ext.8271,phone
625 2233 735,phone
